Step,vx (m/s),vy (m/s),vz (m/s),speed_xy (m/s)
0,-0.08202671259641647,-0.12303076684474945,-0.4336772859096527,0.14786801942875347
1,0.014079222455620766,-0.2262747883796692,-0.37356218695640564,0.22671238246116804
2,0.12053737044334412,-0.26936075091362,0.0684785470366478,0.29510078245600296
3,0.10774850845336914,-0.1291024386882782,-0.18246714770793915,0.16815820155195046
4,0.35064733028411865,-0.057807400822639465,-0.23504997789859772,0.35538042408839726
5,0.5994905829429626,0.006738927215337753,-0.1859707087278366,0.5995284581880219
6,0.6804361343383789,-0.02109600603580475,-0.07735904306173325,0.68076308241856
7,0.7632279992103577,0.0265670008957386,-0.14778192341327667,0.7636902410763411
8,0.7611175775527954,0.020344063639640808,-0.12989933788776398,0.7613894192758456
9,0.8359160423278809,0.01845838502049446,-0.09599070996046066,0.8361198130642954
10,0.8210831880569458,-0.009020864963531494,-0.0638657659292221,0.8211327406177689
11,0.837688148021698,0.16550806164741516,0.142745703458786,0.8538819308348824
12,0.9666941165924072,0.2221902459859848,0.40049678087234497,0.9919002069087832
13,0.9817654490470886,0.01719648763537407,0.13224495947360992,0.9819160433202144
14,0.7554380893707275,0.06239566206932068,0.058473892509937286,0.7580105048857596
15,0.8884018063545227,0.09634938836097717,0.0912705808877945,0.8936111985486268
16,0.856173574924469,0.06921640038490295,0.2654842138290405,0.8589668797347128
17,0.9581936597824097,0.13828086853027344,0.10808256268501282,0.968120182750414
18,1.016055941581726,0.20344126224517822,-0.010244389995932579,1.0362229603745707
19,0.9591909050941467,0.19237349927425385,-0.11710696667432785,0.978291753843581
20,0.9485623836517334,0.1670987606048584,-0.2007412612438202,0.963167997534562
21,0.9578033685684204,0.16421011090278625,-0.25478363037109375,0.9717778827302661
22,0.8678819537162781,0.09115932881832123,0.008599869906902313,0.8726563520750826
23,0.963965117931366,0.16073784232139587,-0.011170517653226852,0.9772744765635549
24,0.8882957696914673,0.12513430416584015,0.025141064077615738,0.897066312226039
25,0.8711858987808228,0.21656863391399384,0.260906457901001,0.8977008652273448
26,0.8504487872123718,0.16728201508522034,0.20195350050926208,0.8667447214964542
27,0.8308333158493042,0.08343686163425446,-0.0473448671400547,0.8350124002699142
28,0.872807502746582,0.04277358949184418,-0.11703023314476013,0.87385497470046
29,0.9204399585723877,0.024310588836669922,0.0038119922392070293,0.9207609472964872
30,0.8777439594268799,0.016073547303676605,0.27567264437675476,0.8778911192359219
31,0.9832677245140076,0.09237070381641388,0.02651156485080719,0.9875969648568661
32,1.0214554071426392,0.17685465514659882,-0.02926921658217907,1.0366526505189466
33,0.9782378673553467,0.184355691075325,-0.08730466663837433,0.9954578574504285
34,0.971193790435791,0.16131949424743652,-0.1600048542022705,0.9845005626231444
35,0.9682241082191467,0.13542327284812927,-0.2266041785478592,0.9776489076174846
36,0.9027224779129028,0.11745117604732513,-0.057660289108753204,0.9103310666368094
37,0.9412007331848145,0.14120560884475708,0.008668651804327965,0.9517341246991466
38,0.8793055415153503,0.13352617621421814,0.03731708973646164,0.8893860101631877
39,0.8648189306259155,0.21015581488609314,0.28234240412712097,0.889987218615745
40,0.8366073369979858,0.15685784816741943,0.10662120580673218,0.8511851859910243
41,0.8388540148735046,0.10220447182655334,-0.08650201559066772,0.8450572834611525
42,0.9073818325996399,0.08090438693761826,-0.10129233449697495,0.9109815091194952
43,0.9063993096351624,0.043084386736154556,0.0589563250541687,0.9074227090433264
44,0.9245141744613647,0.053920283913612366,0.30549952387809753,0.9260852313892622
45,1.0092908143997192,0.12573865056037903,0.01926855370402336,1.0170929929344679
46,1.043199062347412,0.18910665810108185,-0.05715448409318924,1.0602007412847245
47,0.9796099662780762,0.19724516570568085,-0.10728567093610764,0.9992704045580431
48,0.9715117812156677,0.17207996547222137,-0.180269256234169,0.9866340028388239
49,0.9826111793518066,0.1704900860786438,-0.24917227029800415,0.997292133348224
50,0.9135318398475647,0.1581261307001114,-0.05006362497806549,0.9271161176602774
51,0.9442242980003357,0.17096610367298126,0.0008913874626159668,0.959577476569426
52,0.8734269738197327,0.14710867404937744,0.022158626466989517,0.8857288753204684
53,0.8792766332626343,0.22941535711288452,0.3127760589122772,0.9087127180142828
54,0.8338982462882996,0.15691865980625153,0.05458606034517288,0.8485338832115613
55,0.857387125492096,0.1367465853691101,-0.09850800037384033,0.8682236529660491
56,0.9278129935264587,0.1185402125120163,-0.07396566867828369,0.9353548700567729
57,0.8961536288261414,0.08517034351825714,0.1132926419377327,0.9001918205989652
58,0.9113356471061707,0.08853548765182495,0.30638235807418823,0.9156261214383136
59,1.0108435153961182,0.15826763212680817,0.00953064113855362,1.0231584706180215
60,1.018096923828125,0.22257737815380096,-0.05635322630405426,1.0421430014993678
61,0.9668298363685608,0.20816215872764587,-0.1107104942202568,0.9889850437790308
62,0.957858681678772,0.1784100979566574,-0.1886119693517685,0.9743322929680095
63,0.9716010689735413,0.1918438971042633,-0.26646649837493896,0.990359893213916
64,0.8956681489944458,0.15704073011875153,-0.030942868441343307,0.9093311960113143
65,0.9357921481132507,0.18191653490066528,-0.004738796502351761,0.9533103220571343
66,0.8678728938102722,0.15289707481861115,0.015530016273260117,0.8812382625026582
67,0.8706099390983582,0.24287673830986023,0.3047565519809723,0.9038532934436225
68,0.8262701034545898,0.1645176261663437,0.05439314618706703,0.8424893668066484
69,0.8513117432594299,0.14419826865196228,-0.09769712388515472,0.8634377944551843
70,0.9195067286491394,0.12837852537631989,-0.07674947381019592,0.9284253711574455
71,0.8937318325042725,0.09507622569799423,0.11108025908470154,0.8987747644011935
72,0.9113038778305054,0.09972237050533295,0.29922860860824585,0.9167438622254962
73,1.009469747543335,0.17181332409381866,0.002235833555459976,1.0239868112145645
74,1.015561580657959,0.23588214814662933,-0.06155497953295708,1.042595660801809
75,0.9622672200202942,0.2204837054014206,-0.11372081935405731,0.9872037616789786
76,0.9558064937591553,0.1902310699224472,-0.19140028953552246,0.9745531865814246
77,0.9716747403144836,0.2056131660938263,-0.2691931128501892,0.9931911070062733
78,0.8955674171447754,0.16815023124217987,-0.03149011731147766,0.9112164939893058
79,0.9367244839668274,0.1955907940864563,-0.005986465141177177,0.9569265998990151
80,0.8682546019554138,0.1673208773136139,0.014522885903716087,0.8842297946810838
81,0.8713026642799377,0.2570939362049103,0.30536118149757385,0.9084413161094405
82,0.8270437121391296,0.17637470364570618,0.05227527767419815,0.8456413766337254
83,0.852268397808075,0.1586599200963974,-0.09916673600673676,0.8669108328699892
84,0.918846607208252,0.14431214332580566,-0.07614989578723907,0.9301102527600712
85,0.8941404223442078,0.10966415703296661,0.11040803045034409,0.9008403422403047
86,0.9102516770362854,0.11453550308942795,0.3022659420967102,0.917429287201645
87,1.0065271854400635,0.1875307708978653,0.00398801825940609,1.023848018537636
88,1.0101062059402466,0.2502557337284088,-0.06000979244709015,1.0406452227070204
89,0.9578523635864258,0.23437556624412537,-0.11204138398170471,0.9861100630661654
90,0.9534171223640442,0.20400488376617432,-0.18889182806015015,0.9749985650335005
91,0.9693063497543335,0.21679005026817322,-0.2654550075531006,0.9932536058677801
92,0.8954041600227356,0.1801724135875702,-0.030850738286972046,0.9133513608704983
93,0.9383980631828308,0.21240323781967163,-0.007151931524276733,0.962136196399225
94,0.8695197105407715,0.1825728416442871,0.014032568782567978,0.8884803709283492
95,0.8702019453048706,0.27305808663368225,0.3051876127719879,0.9120373590420672
96,0.8276886343955994,0.18828576803207397,0.05614294856786728,0.8488344985632241
97,0.8524568676948547,0.17056629061698914,-0.09703479707241058,0.8693535361261046
98,0.9171035885810852,0.15762729942798615,-0.07975776493549347,0.930551104299632
99,0.8935406804084778,0.12134619057178497,0.10235025733709335,0.9017426714485288
100,0.9078462719917297,0.1273607462644577,0.3018784821033478,0.9167363924587707
101,1.0025912523269653,0.20269431173801422,0.006446044892072678,1.0228754583298496
102,1.007686734199524,0.2644460201263428,-0.05823037028312683,1.0418081646072679
103,0.9555006623268127,0.24895834922790527,-0.11036679893732071,0.9874015269166143
104,0.9534581899642944,0.21889442205429077,-0.18703335523605347,0.9782623819898578
105,0.9692191481590271,0.22532448172569275,-0.26156488060951233,0.9950662687595546
106,0.8972133994102478,0.19055424630641937,-0.03137978911399841,0.9172256019468168
107,0.9421565532684326,0.22839763760566711,-0.006711961701512337,0.9694454351486228
108,0.8720638155937195,0.19979006052017212,0.018595857545733452,0.8946571224500093
109,0.8747289776802063,0.28320130705833435,0.2889248728752136,0.9194312180435292
110,0.8354740738868713,0.21219319105148315,0.07028815150260925,0.8619993494578384
111,0.8509427309036255,0.1812431365251541,-0.0900653749704361,0.8700302327018272
112,0.9176079630851746,0.1703975796699524,-0.08622055500745773,0.9332950814585389
113,0.8963823914527893,0.1298317313194275,0.07972907274961472,0.9057359825931736
114,0.9082652926445007,0.14164482057094574,0.3011611998081207,0.9192437636542202
115,0.995235800743103,0.2143855094909668,0.01720357872545719,1.0180645587390158
116,1.01076340675354,0.27914607524871826,-0.05288980156183243,1.0486015428935747
117,0.9561289548873901,0.2661919593811035,-0.10462255775928497,0.9924921851648022
118,0.955487847328186,0.2384856641292572,-0.18075615167617798,0.9848007099850323
119,0.9686764478683472,0.23077833652496338,-0.25271904468536377,0.9957874779610697
120,0.901439368724823,0.20902855694293976,-0.05214591324329376,0.9253571597521981
121,0.9410852193832397,0.24171343445777893,-0.0050428882241249084,0.9716309868149408
122,0.8759170770645142,0.21521715819835663,0.024194179102778435,0.9019695954278162
123,0.8721296787261963,0.29513269662857056,0.29506075382232666,0.9207135738840339
124,0.8363307118415833,0.222721666097641,0.07486150413751602,0.865479058163026
125,0.8520922660827637,0.19221439957618713,-0.08688461035490036,0.873503065433942
126,0.9165600538253784,0.18381667137145996,-0.08780770003795624,0.9348106230368073
127,0.8966363668441772,0.14200012385845184,0.07495592534542084,0.9078109987895837
128,0.9078618884086609,0.15445847809314728,0.3023669719696045,0.9209075034333204
129,0.9888877272605896,0.2280823290348053,0.024460244923830032,1.01484998198973
130,1.0157222747802734,0.2935733199119568,-0.05376803129911423,1.0572970413506988
131,0.9566625952720642,0.28166845440864563,-0.10474400967359543,0.9972664836449867
132,0.9555038809776306,0.2553770840167999,-0.17968837916851044,0.9890425277025441
133,0.9683865308761597,0.24237380921840668,-0.2510256767272949,0.9982572496993969
134,0.9043013453483582,0.2207738161087036,-0.053430795669555664,0.9308608924420717
135,0.942579448223114,0.25980880856513977,-0.006046619266271591,0.9777303479081682
136,0.8768903017044067,0.2297690361738205,0.02502981759607792,0.9064934700302545
137,0.8695812821388245,0.3088713586330414,0.29636603593826294,0.9228071967805749
138,0.8336473703384399,0.23663966357707977,0.07469873875379562,0.8665830995640692
139,0.8507397770881653,0.20722907781600952,-0.08359713852405548,0.8756152459913514
140,0.9144399166107178,0.19884903728961945,-0.08636297285556793,0.9358105047080979
141,0.9064333438873291,0.1601838618516922,0.06863263249397278,0.9204782868207632
142,0.9100887179374695,0.16439314186573029,0.315324068069458,0.9248170519673353
143,0.9892499446868896,0.2381293922662735,0.015987364575266838,1.0175072778728018
144,0.9999532699584961,0.2997426688671112,-0.051452476531267166,1.043911974086066
145,0.943304717540741,0.2895526587963104,-0.09665578603744507,0.9867444108535045
146,0.9497219920158386,0.26528772711753845,-0.16869334876537323,0.986077806401565
147,0.9639913439750671,0.2511051893234253,-0.23758505284786224,0.9961591877626835
148,0.9003345966339111,0.2407713234424591,-0.07649801671504974,0.9319727550138903
149,0.9297774434089661,0.2633678913116455,-0.010577421635389328,0.9663584947865134
150,0.8735641837120056,0.23426474630832672,0.0072561465203762054,0.9044304033076992
151,0.8687585592269897,0.31532731652259827,0.30408644676208496,0.9242146670419692
152,0.817698061466217,0.2325197011232376,0.051616787910461426,0.8501150105344859
153,0.8404908776283264,0.2220233976840973,-0.09377353638410568,0.8693211745354102
154,0.9047330021858215,0.2137022614479065,-0.07075425237417221,0.9296292066152607
155,0.8862329721450806,0.17473948001861572,0.10780581831932068,0.9032955035835611
156,0.8999456167221069,0.18228846788406372,0.30901750922203064,0.9182217589345467
157,0.9890873432159424,0.26321935653686523,0.010474670678377151,1.023512678067865
158,0.9868677258491516,0.3177453577518463,-0.053162090480327606,1.0367593841849347
159,0.9382249116897583,0.29897621273994446,-0.10513542592525482,0.9847094803542694
160,0.942673921585083,0.26962628960609436,-0.18023689091205597,0.9804756287044307
161,0.96170574426651,0.27099764347076416,-0.25481072068214417,0.9991584765801216
162,0.8925173878669739,0.2432718276977539,-0.05634990334510803,0.9250775479905952
163,0.9357373714447021,0.27868714928627014,-0.01629592664539814,0.9763559573718739
164,0.872515857219696,0.2520080506801605,0.016064930707216263,0.9081805870571311
165,0.8669087290763855,0.33529192209243774,0.29462602734565735,0.9294898695355831
166,0.82899010181427,0.2562450170516968,0.07803334295749664,0.867690093103441
167,0.846477210521698,0.22890625894069672,-0.08276929706335068,0.8768818297323878
168,0.9077510237693787,0.22267493605613708,-0.08748412132263184,0.9346636016781438
169,0.9036554098129272,0.1827673614025116,0.06640592217445374,0.9219528231304495
170,0.9052367210388184,0.18433886766433716,0.3156214654445648,0.9238151001411925
171,0.9819532036781311,0.2656412422657013,0.02124679833650589,1.0172499023377737
172,0.9903956055641174,0.3239152133464813,-0.04873356223106384,1.0420194436564088
173,0.9358200430870056,0.3135131001472473,-0.09505997598171234,0.9869395204404893
174,0.945741593837738,0.288938969373703,-0.16541683673858643,0.9888947822379703
175,0.9622123837471008,0.27061378955841064,-0.23305511474609375,0.9995421424509533
176,0.9001163244247437,0.2589535117149353,-0.07477953284978867,0.9366249616177265
177,0.9325375556945801,0.29092010855674744,-0.010168574750423431,0.9768627346477557
178,0.8754309415817261,0.2663818895816803,0.013030542060732841,0.9150620987538354
179,0.8709297776222229,0.3407886326313019,0.29061904549598694,0.9352302228220638
180,0.8264719843864441,0.26547253131866455,0.07062391191720963,0.8680619827295779
181,0.8406858444213867,0.24148908257484436,-0.08536010980606079,0.8746826087292121
182,0.904534101486206,0.23676015436649323,-0.08164387941360474,0.9350065836383741
183,0.8891685009002686,0.1921500861644745,0.07720348238945007,0.9096935080598552
184,0.8977034091949463,0.203924298286438,0.3063560128211975,0.9205740221795559
185,0.9769869446754456,0.2862100303173065,0.026073237881064415,1.0180469888568482
186,0.9876063466072083,0.3436431884765625,-0.04565468803048134,1.0456849127940862
187,0.937356173992157,0.32812008261680603,-0.09950090199708939,0.9931260672934099
188,0.9442476034164429,0.30203738808631897,-0.17291110754013062,0.9913778897875933
189,0.962223470211029,0.284338116645813,-0.24339783191680908,1.0033554560586408
190,0.8984379172325134,0.26863640546798706,-0.07898913323879242,0.937739947674118
191,0.9362291097640991,0.3024902045726776,-0.01425735279917717,0.9838827520757226
192,0.8770689368247986,0.28209227323532104,0.025459498167037964,0.9213175188620119
193,0.8681730628013611,0.35656240582466125,0.28492575883865356,0.9385420695000126
194,0.8376752734184265,0.2881717383861542,0.10223904252052307,0.885857107270204
195,0.8469669818878174,0.24838341772556305,-0.07162580639123917,0.8826366130006108
196,0.9035945534706116,0.24304485321044922,-0.09534340351819992,0.9357103813327299
197,0.9064604043960571,0.20068420469760895,0.040455009788274765,0.9284097235342677
198,0.9018592834472656,0.2035844624042511,0.30322179198265076,0.924552216195734
199,0.9688654541969299,0.2877334952354431,0.036142248660326004,1.010688296467624
200,0.9915002584457397,0.35006049275398254,-0.04344242811203003,1.0514823398826676
201,0.9379802942276001,0.34597378969192505,-0.09445221722126007,0.9997524171078996
202,0.946734607219696,0.3220478296279907,-0.1622457504272461,1.0000106104814745
203,0.9642342329025269,0.29217615723609924,-0.22982309758663177,1.0075289389185693
204,0.9084601402282715,0.27514949440956116,-0.07350930571556091,0.949213922494507
205,0.9415513277053833,0.3242366313934326,-0.007488643750548363,0.9958153924503933
206,0.8794968128204346,0.3029831647872925,0.028553830459713936,0.9302222540370801
207,0.8671014308929443,0.37379005551338196,0.2866330146789551,0.9442372038091322
208,0.8398443460464478,0.30049991607666016,0.10275281220674515,0.8919858323696993
209,0.8502126932144165,0.2619880437850952,-0.06996989250183105,0.8896624971241918
210,0.9040233492851257,0.256497323513031,-0.09673396497964859,0.9397069186837165
211,0.9063728451728821,0.21364791691303253,0.03336911275982857,0.9312127398548966
212,0.8971532583236694,0.21480554342269897,0.29597702622413635,0.9225103741454064
213,0.9627973437309265,0.3000989854335785,0.03839978575706482,1.008483081738901
214,0.9903861284255981,0.36543771624565125,-0.041112013161182404,1.055655913559282
215,0.9378985166549683,0.36030837893486023,-0.09472981095314026,1.0047267068582664
216,0.9448226094245911,0.3363341987133026,-0.16135963797569275,1.0029010202926372
217,0.9613372683525085,0.30139750242233276,-0.22919023036956787,1.0074769466294915
218,0.9058403968811035,0.2919061481952667,-0.09786394238471985,0.9517121539498758
219,0.9342815279960632,0.3273757994174957,-0.009813012555241585,0.9899782258206001
220,0.8795604109764099,0.3118913173675537,0.028849991038441658,0.933221683420536
221,0.8644773960113525,0.3795495927333832,0.29086434841156006,0.9441287314549038
222,0.8357978463172913,0.3078031539916992,0.10503380745649338,0.8906743633426641
223,0.846340000629425,0.27039459347724915,-0.06795871257781982,0.8884844584162077
224,0.8998762369155884,0.26722925901412964,-0.09588012844324112,0.9387165273066204
225,0.9112861752510071,0.227641761302948,0.033272985368967056,0.9392887014612268
226,0.9010061621665955,0.21928633749485016,0.31086111068725586,0.9273071778402682
227,0.9667197465896606,0.3099210560321808,0.03229735419154167,1.015183790955352
228,0.9760834574699402,0.3668290972709656,-0.0408049002289772,1.0427379836522233
229,0.9235018491744995,0.364361047744751,-0.08941812813282013,0.9927812641978961
230,0.9396993517875671,0.3418281674385071,-0.15307623147964478,0.9999406821428669
231,0.9620538353919983,0.31165194511413574,-0.21956215798854828,1.0112737102712985
232,0.9057674407958984,0.3028612434864044,-0.09368976950645447,0.9550599926769431
233,0.9306516647338867,0.3356495201587677,-0.011826224625110626,0.9893296323545382
234,0.8768036961555481,0.3228062093257904,0.019029799848794937,0.9343385737361574
235,0.8675082325935364,0.38825517892837524,0.28287503123283386,0.9504275972330906
236,0.8305932283401489,0.3167535960674286,0.09399041533470154,0.888942040622536
237,0.8382070660591125,0.2822227478027344,-0.07408595085144043,0.8844437602068044
238,0.8959899544715881,0.27957621216773987,-0.09064437448978424,0.9385951507034648
239,0.8997120261192322,0.2357085645198822,0.04512237384915352,0.9300754041106546
240,0.8944494724273682,0.23695659637451172,0.3080080449581146,0.9253044295208959
241,0.959811806678772,0.3274262249469757,0.037520162761211395,1.0141235807449682
242,0.9711582660675049,0.38326454162597656,-0.03619424253702164,1.0440498487232364
243,0.9221289157867432,0.3733031749725342,-0.08934908360242844,0.9948251091395959
244,0.937069296836853,0.35145384073257446,-0.15604303777217865,1.0008090073735307
245,0.9586207866668701,0.3196792006492615,-0.22387152910232544,1.0105189775345933
246,0.9011368155479431,0.31015369296073914,-0.09717821329832077,0.9530177719187991
247,0.9304806590080261,0.34537333250045776,-0.015441309660673141,0.9925104511240587
248,0.8761769533157349,0.33289003372192383,0.023486945778131485,0.9372842834876871
249,0.8596726059913635,0.4043980538845062,0.2872418165206909,0.9500393546993504
250,0.8330397009849548,0.3227025270462036,0.11306299269199371,0.8933599858842508
251,0.8465969562530518,0.2858060300350189,-0.06611297279596329,0.8935387474202279
252,0.8937026262283325,0.282315731048584,-0.0990857481956482,0.937233458709683
253,0.9084666967391968,0.2449789196252823,0.02779664471745491,0.9409178551526155
254,0.8943045139312744,0.23219181597232819,0.3037284016609192,0.9239554118259066
255,0.9583896398544312,0.3311004042625427,0.03378596156835556,1.0139714884961635
256,0.9697757959365845,0.3882598280906677,-0.03925718367099762,1.0446103524728398
257,0.9191458821296692,0.38573402166366577,-0.0899246409535408,0.9968048395271529
258,0.9354268312454224,0.3620279133319855,-0.1511068493127823,1.003039165060549
259,0.9595277309417725,0.32841813564300537,-0.21774740517139435,1.0141754967782912
260,0.9054948687553406,0.3146926462650299,-0.09197761118412018,0.9586200597502321
261,0.9310302734375,0.35744965076446533,-0.012217273935675621,0.9972901397731476
262,0.8748594522476196,0.34756726026535034,0.023062966763973236,0.9413724351155428
263,0.8673391342163086,0.4092239737510681,0.26737385988235474,0.9590315085729513
264,0.8378673195838928,0.3443335294723511,0.116084024310112,0.9058626964091101
265,0.8368497490882874,0.30060940980911255,-0.06632532179355621,0.8892038685334834
266,0.8892017602920532,0.29633113741874695,-0.09559236466884613,0.9372789944890338
267,0.9004892110824585,0.25287601351737976,0.024573778733611107,0.9353219218474196
268,0.8871517181396484,0.25080645084381104,0.2899494171142578,0.9219230156488117
269,0.9441338777542114,0.3421323299407959,0.05096520483493805,1.0042127813934265
270,0.9668935537338257,0.40588414669036865,-0.029154213145375252,1.0486300991229438
271,0.921358048915863,0.40031272172927856,-0.08826431632041931,1.0045650449226016
272,0.9331846833229065,0.37815675139427185,-0.15276123583316803,1.0068943250478386
273,0.9555040597915649,0.33759400248527527,-0.22178761661052704,1.0133892237399165
274,0.9058475494384766,0.3175114095211029,-0.09395840764045715,0.959881908361529
275,0.939050018787384,0.37418240308761597,-0.01633336767554283,1.0108547910382626
276,0.8766745924949646,0.36246898770332336,0.0303220022469759,0.9486527858879055
277,0.852450430393219,0.42665690183639526,0.2540959119796753,0.9532616892345017
278,0.8408575654029846,0.3635488748550415,0.1748562753200531,0.9160836368497154
279,0.845119297504425,0.2933371663093567,-0.044370971620082855,0.8945799685622164
280,0.8763923048973083,0.28262895345687866,-0.10702983289957047,0.9208379865184467
281,0.9155609607696533,0.26011958718299866,-0.012577392160892487,0.9517951841240343
282,0.8785151243209839,0.21721240878105164,0.26495450735092163,0.9049696426892896
283,0.9420483112335205,0.32565054297447205,0.03366711735725403,0.9967463553168863
284,0.967144250869751,0.40231677889823914,-0.049595318734645844,1.047485939081507
285,0.9226914644241333,0.42497673630714417,-0.09866500645875931,1.0158566655406773
286,0.9285136461257935,0.3866989314556122,-0.14694170653820038,1.0058198917453995
287,0.9569299221038818,0.3474908471107483,-0.2141687124967575,1.018069135493011
288,0.9136201739311218,0.3273274004459381,-0.10298759490251541,0.970487016552323
289,0.9332464933395386,0.3672613203525543,-0.003054982051253319,1.0029107112588074
290,0.8721182346343994,0.3758218288421631,0.04185127839446068,0.9496484940313913
291,0.8627445697784424,0.43921369314193726,0.2657764256000519,0.9681099425817139
292,0.8508831262588501,0.37013331055641174,0.15136392414569855,0.9279012674500899
293,0.847245454788208,0.31507065892219543,-0.06006573513150215,0.9039327302255096
294,0.8792544007301331,0.3084041476249695,-0.10580723732709885,0.9317732661305482
295,0.9072296619415283,0.275003582239151,-0.0008515142253600061,0.9479940030142096
296,0.8777735233306885,0.24954280257225037,0.27473142743110657,0.9125557345039172
297,0.9290889501571655,0.3495476245880127,0.06638523936271667,0.9926680306926713
298,0.9635657668113708,0.4236110746860504,-0.01701531559228897,1.0525708192646497
299,0.922873318195343,0.4309538006782532,-0.08672752976417542,1.0185363713466076
300,0.9279726147651672,0.4043964743614197,-0.14363659918308258,1.012259691102065
301,0.9504712820053101,0.3561969995498657,-0.21451973915100098,1.0150231329408925
302,0.9090299010276794,0.3334183096885681,-0.10986949503421783,0.9682474529777885
303,0.9371217489242554,0.3866029381752014,-0.017259739339351654,1.0137351745463672
304,0.8737137913703918,0.38653481006622314,0.032255977392196655,0.9553977960115649
305,0.859038233757019,0.44502392411231995,0.23717574775218964,0.9674673018188815
306,0.8500075340270996,0.3956291079521179,0.20426513254642487,0.937568770257318
307,0.8422595262527466,0.3149797320365906,-0.04649366810917854,0.8992293039916701
308,0.8682206869125366,0.30724552273750305,-0.10563814640045166,0.9209815266470432
309,0.9136478304862976,0.28802087903022766,-0.016632087528705597,0.9579709728951412
310,0.8661549091339111,0.2343391627073288,0.25553300976753235,0.8972954751892744
311,0.9267473220825195,0.33759135007858276,0.0590980239212513,0.9863206976612634
312,0.9627916216850281,0.4239387810230255,-0.03950393199920654,1.0519942000040565
313,0.9276515245437622,0.44969332218170166,-0.09924953430891037,1.0309032132082925
314,0.9246591925621033,0.4096745550632477,-0.14777040481567383,1.0113495258593197
315,0.9492994546890259,0.3630509078502655,-0.21728482842445374,1.016353981821188
316,0.9081526398658752,0.3449549674987793,-0.12673752009868622,0.9714603166869155
317,0.9307990074157715,0.377541184425354,-0.008156675845384598,1.004452158215355
318,0.872134268283844,0.3904925286769867,0.038775209337472916,0.955564020287256
319,0.8561416864395142,0.4523794949054718,0.24456298351287842,0.968310794461378
320,0.849969744682312,0.4001377522945404,0.20027026534080505,0.9394460004101575
321,0.8440117835998535,0.32113102078437805,-0.05022995546460152,0.903039879166708
322,0.8659382462501526,0.31463250517845154,-0.10865468531847,0.9213265759944507
323,0.9121655821800232,0.29566073417663574,-0.014465106651186943,0.9588854566879653
324,0.8689014911651611,0.24045228958129883,0.2643846273422241,0.9015581539279257
325,0.927216112613678,0.3472607731819153,0.06322984397411346,0.9901109857391354
326,0.9588577747344971,0.42820000648498535,-0.03481769561767578,1.0501254580870483
327,0.9208157658576965,0.4549770653247833,-0.09708292037248611,1.027086074593385
328,0.921742856502533,0.41597896814346313,-0.14540790021419525,1.011260794973853
329,0.9505647420883179,0.3723977506160736,-0.21387305855751038,1.0209081317950903
330,0.9094787836074829,0.35798734426498413,-0.12491733580827713,0.9773978701051292
331,0.929984450340271,0.3852420151233673,-0.010094307363033295,1.0066193362393794
332,0.8711926341056824,0.40023690462112427,0.039481502026319504,0.9587315503000287
333,0.8562547564506531,0.4647216796875,0.24740852415561676,0.974237367131819
334,0.8475152850151062,0.40951213240623474,0.19649338722229004,0.9412663517422357
335,0.8396220803260803,0.33060958981513977,-0.04856749251484871,0.9023679618918381
336,0.8638389706611633,0.3228754699230194,-0.10679315775632858,0.9222073174243136
337,0.909368634223938,0.3021598756313324,-0.012303458526730537,0.9582546130083865
338,0.8687927722930908,0.24746878445148468,0.266793429851532,0.903350253482341
339,0.9253585934638977,0.3584365248680115,0.06373488157987595,0.9923533991763921
340,0.9537796378135681,0.4363064169883728,-0.029735693708062172,1.0488369210763955
341,0.9151154160499573,0.462216317653656,-0.0930652990937233,1.025221999860319
342,0.9177001714706421,0.4238210916519165,-0.14089807868003845,1.0108402061880346
343,0.9480732679367065,0.380260705947876,-0.2102673500776291,1.0214896601846557
344,0.9084605574607849,0.363812118768692,-0.12384647876024246,0.9786009616922134
345,0.9279171228408813,0.39352622628211975,-0.010768206790089607,1.0079152135140859
346,0.8694230914115906,0.41011691093444824,0.0389203280210495,0.9612972446200505
347,0.8540159463882446,0.47404950857162476,0.24746103584766388,0.9767631101052128
348,0.8444053530693054,0.417093962430954,0.19390574097633362,0.9418002833873286
349,0.8362148404121399,0.3384777009487152,-0.04698865860700607,0.9021210635857188
350,0.8621757626533508,0.33073219656944275,-0.10552496463060379,0.9234342594654671
351,0.9071595668792725,0.30965548753738403,-0.012953407131135464,0.9585535982628224
352,0.8665948510169983,0.25422632694244385,0.2643277049064636,0.903115530328108
353,0.9221386909484863,0.3664964437484741,0.06415989249944687,0.9923000597724795
354,0.950651228427887,0.44482356309890747,-0.028915001079440117,1.049574085236225
355,0.9130142331123352,0.47046273946762085,-0.09298619627952576,1.0270979403606475
356,0.9150117635726929,0.4317626953125,-0.14015835523605347,1.0117635853004023
357,0.9456961750984192,0.38751110434532166,-0.21036212146282196,1.0220108177444653
358,0.9077569246292114,0.36845383048057556,-0.12461002171039581,0.9796840610156381
359,0.9271160364151001,0.4013393521308899,-0.012061303481459618,1.0102561163125356
360,0.8679171204566956,0.41829338669776917,0.03828714042901993,0.9634570490358829
361,0.8508952856063843,0.48241233825683594,0.24671684205532074,0.9781331459313697
362,0.8434793949127197,0.42413413524627686,0.19837938249111176,0.9441118865491711
363,0.8382235765457153,0.3454045355319977,-0.04713553562760353,0.9065997228342648
364,0.861539900302887,0.3388657867908478,-0.10620047897100449,0.9257867039827742
365,0.9068505167961121,0.31919509172439575,-0.01462086196988821,0.9613861692339457
366,0.8629804253578186,0.2602206766605377,0.26084259152412415,0.9013600918126061
367,0.9185437560081482,0.37099963426589966,0.06755208969116211,0.9906378552866772
368,0.9493806958198547,0.4523940086364746,-0.030146505683660507,1.0516577602269523
369,0.9137623310089111,0.4784282147884369,-0.09532848745584488,1.0314335433155593
370,0.913709282875061,0.4386569857597351,-0.14238110184669495,1.0135504944342313
371,0.9439591765403748,0.39316636323928833,-0.2124279886484146,1.0225647735755377
372,0.9073091745376587,0.37054139375686646,-0.12474428862333298,0.980056560963442
373,0.9278044104576111,0.4087609350681305,-0.01265912875533104,1.0138572513437816
374,0.8668524026870728,0.42445603013038635,0.03858212009072304,0.9651922137887347
375,0.8669317960739136,0.4861341118812561,0.21624179184436798,0.9939301352602804
376,0.8548303842544556,0.4485241770744324,0.2209288775920868,0.9653542993455392
377,0.8362703919410706,0.3545466661453247,-0.0486399345099926,0.9083234594086163
378,0.8592125773429871,0.35046347975730896,-0.10446233302354813,0.927939062497091
379,0.9085647463798523,0.33410075306892395,-0.017483476549386978,0.9680460792573397
380,0.8587545156478882,0.2697443664073944,0.2538110017776489,0.9001229590195806
381,0.9121545553207397,0.37157896161079407,0.08246050775051117,0.9849349508998716
382,0.9494508504867554,0.4599441587924957,-0.028098832815885544,1.054990780385004
383,0.9184233546257019,0.48806384205818176,-0.09829507023096085,1.0400518122894271
384,0.9128984808921814,0.44763267040252686,-0.14607548713684082,1.0167392212494557
385,0.9399639368057251,0.397998571395874,-0.21632489562034607,1.0207522056446774
386,0.9057655930519104,0.3680952787399292,-0.12563428282737732,0.9777041698731295
387,0.9306721687316895,0.4200266897678375,-0.014784097671508789,1.0210646922546454
388,0.8666248321533203,0.43030717968940735,0.03513020649552345,0.9675757689178778
389,0.8613277077674866,0.49150463938713074,0.215661883354187,0.9916966424804846
390,0.8544740676879883,0.45506322383880615,0.2394276112318039,0.9680952794233758
391,0.8443596363067627,0.3603610694408417,-0.04611402004957199,0.9180431884136148
392,0.8592073917388916,0.35958805680274963,-0.1048332005739212,0.9314187632928203
393,0.9091068506240845,0.34782665967941284,-0.018911827355623245,0.9733748769284009
394,0.8523924946784973,0.2737656533718109,0.24915997684001923,0.8952768275513036
395,0.9109148383140564,0.37148067355155945,0.08111749589443207,0.9837498327740868
396,0.9458423852920532,0.46605485677719116,-0.03885500878095627,1.054431101277162
397,0.915098249912262,0.49460285902023315,-0.10244907438755035,1.0402099764679598
398,0.9108092784881592,0.45133212208747864,-0.15000687539577484,1.0165009720645168
399,0.9397937059402466,0.40303635597229004,-0.2175053507089615,1.0225705422905185
400,0.9044448137283325,0.3733868896961212,-0.12349691987037659,0.9784877058384646
401,0.9293301701545715,0.4247632920742035,-0.011683780699968338,1.0218015558087783
402,0.8665470480918884,0.433939129114151,0.03605829179286957,0.9691269031107915
403,0.8606895208358765,0.4973878562450409,0.21371139585971832,0.9940730007482992
404,0.8550557494163513,0.4605710804462433,0.24383746087551117,0.9712085536862709
405,0.8470458984375,0.3667491674423218,-0.04679042100906372,0.9230339678903631
406,0.8585923910140991,0.3668290376663208,-0.10598788410425186,0.9336725532982678
407,0.9080638885498047,0.3561299741268158,-0.018838264048099518,0.9754017552576777
408,0.8509713411331177,0.28003472089767456,0.24901781976222992,0.895863643830988
409,0.9085162281990051,0.37745124101638794,0.0851520225405693,0.9838044400416975
410,0.9442473649978638,0.47248661518096924,-0.037562694400548935,1.0558630061852619
411,0.9139792919158936,0.5014309287071228,-0.10374071449041367,1.0424927444904188
412,0.909126341342926,0.4579472243785858,-0.15127860009670258,1.0179520444694952
413,0.938747227191925,0.40949851274490356,-0.21852797269821167,1.0241754676327761
414,0.9041000008583069,0.37831011414527893,-0.12361869215965271,0.9800588523229635
415,0.9289941787719727,0.43142688274383545,-0.013037798926234245,1.024284794061825
416,0.8655917644500732,0.44060659408569336,0.03591448813676834,0.9712791943800639
417,0.8593733906745911,0.5044392347335815,0.21346919238567352,0.9964846040647817
418,0.8531791567802429,0.4671939015388489,0.2472502738237381,0.9727203170487074
419,0.846278190612793,0.37373119592666626,-0.04533806070685387,0.9251279818034037
420,0.8571791052818298,0.3742954134941101,-0.105356365442276,0.9353358087310061
421,0.9064202308654785,0.36388248205184937,-0.01961759477853775,0.976733380030826
422,0.8489935398101807,0.2866567373275757,0.245498389005661,0.8960815340663547
423,0.9052087664604187,0.38246262073516846,0.09056049585342407,0.9826904737181521
424,0.9416170716285706,0.4793238937854767,-0.0350007489323616,1.056595525608563
425,0.913936197757721,0.5090782046318054,-0.10440103709697723,1.046154860430798
426,0.9067633152008057,0.464841365814209,-0.15198847651481628,1.01896869685284
427,0.9361840486526489,0.4154840111732483,-0.21981750428676605,1.0242399799325728
428,0.9040127992630005,0.37930992245674133,-0.12367673218250275,0.9803648088877248
429,0.9296308755874634,0.4388968050479889,-0.015507057309150696,1.028029168033109
430,0.8645973205566406,0.44699153304100037,0.0328037403523922,0.9733087677217678
431,0.8819174766540527,0.5095223784446716,0.17689168453216553,1.018524172400325
432,0.8600888252258301,0.4918253421783447,0.27022111415863037,0.9907799727927459
433,0.8358897566795349,0.38198941946029663,-0.03926940634846687,0.9190362353582074
434,0.8538578748703003,0.3853728473186493,-0.10097135603427887,0.9367953362013008
435,0.9046881198883057,0.3766711950302124,-0.02430151030421257,0.9799702972195258
436,0.8436965346336365,0.2977037727832794,0.23301483690738678,0.8946794838835891
437,0.8967220783233643,0.38212254643440247,0.10890130698680878,0.9747451596422964
438,0.9382984638214111,0.48617279529571533,-0.025611508637666702,1.0567724419643376
439,0.9199771285057068,0.5197234153747559,-0.10573141276836395,1.0566316034751218
440,0.9039970636367798,0.4751003384590149,-0.15498942136764526,1.0212399437290878
441,0.9300835132598877,0.4218788743019104,-0.22511819005012512,1.0212918908030666
442,0.8991969227790833,0.39316079020500183,-0.15125542879104614,0.9813921300326359
443,0.9222199320793152,0.4334656298160553,-0.023020846769213676,1.019010331329475
444,0.8644289970397949,0.4504639208316803,0.015213647857308388,0.9747590650485258
445,0.8812286853790283,0.506216287612915,0.16823725402355194,1.0162769926449442
446,0.8502970337867737,0.49619653820991516,0.288270503282547,0.9844877095210938
447,0.8240204453468323,0.3843245208263397,-0.029153984040021896,0.9092387099425472
448,0.8466963171958923,0.3933795690536499,-0.09560880064964294,0.9336177691656915
449,0.8979908227920532,0.3868766129016876,-0.02565455064177513,0.9777837344878626
450,0.8336014747619629,0.306570827960968,0.2273644357919693,0.8881875315956608
451,0.8887107968330383,0.38133811950683594,0.11992906033992767,0.9670706498475816
452,0.9383624196052551,0.4937329590320587,-0.030347546562552452,1.0603283761938946
453,0.9183021783828735,0.5275121331214905,-0.1054045557975769,1.0590316054835738
454,0.8988437056541443,0.4805915355682373,-0.1536450982093811,1.019258667490206
455,0.9229370951652527,0.4298616349697113,-0.2233743965625763,1.0181325585850343
456,0.8963825702667236,0.3970898985862732,-0.15225926041603088,0.980398949324832
457,0.9203314781188965,0.44186753034591675,-0.028496015816926956,1.0209098608547733
458,0.8611989617347717,0.45880720019340515,0.011137045919895172,0.975790806803569
459,0.8791378140449524,0.5123717784881592,0.16702280938625336,1.0175500653406968
460,0.8436753153800964,0.5051811337471008,0.2959633767604828,0.9833595556436676
461,0.8176911473274231,0.3909509778022766,-0.021679187193512917,0.9063451216077647
462,0.842258632183075,0.40071970224380493,-0.08937355130910873,0.932724977286053
463,0.8940396904945374,0.3948044776916504,-0.0275568887591362,0.9773318493658871
464,0.840869665145874,0.32273584604263306,0.2064688801765442,0.9006776449337401
465,0.8846030831336975,0.38027265667915344,0.13670195639133453,0.9628758529049655
466,0.932568371295929,0.4960874021053314,-0.020738445222377777,1.056307946419584
467,0.9228103160858154,0.5332610607147217,-0.10411353409290314,1.0658077867744224
468,0.8941469788551331,0.4898096024990082,-0.15524084866046906,1.0195157019369532
469,0.9169239401817322,0.44101524353027344,-0.22820574045181274,1.0174693887800552
470,0.8938272595405579,0.41744622588157654,-0.1793946474790573,0.9865031786064128
471,0.9097037315368652,0.4342769980430603,-0.035543449223041534,1.0080463234402421
472,0.8646035194396973,0.4633603096008301,-0.009204719215631485,0.9809393571168852
473,0.8775599598884583,0.505279004573822,0.15519888699054718,1.0126294266228613
474,0.8341150879859924,0.5111119151115417,0.32160308957099915,0.9782552682070604
475,0.8052849769592285,0.39201629161834717,-0.007664179429411888,0.8956342261271765
476,0.8338871598243713,0.4119676351547241,-0.08341722190380096,0.9300995257148197
477,0.8845143914222717,0.409760981798172,-0.03063647449016571,0.9748178141772511
478,0.8469663262367249,0.3482089042663574,0.17796054482460022,0.915751821613974
479,0.870921790599823,0.37567514181137085,0.19853897392749786,0.9484917382437211
480,0.9280547499656677,0.4746890664100647,0.015338359400629997,1.0424084270107838
481,0.9373689293861389,0.5219612121582031,-0.08702090382575989,1.0728951564697162
482,0.8903297185897827,0.4972735047340393,-0.14313897490501404,1.0197881869852368
483,0.9059099555015564,0.4557039737701416,-0.2270694077014923,1.0140704902454907
484,0.9023524522781372,0.4226298928260803,-0.2157953381538391,0.9964215846932222
485,0.8979220986366272,0.4232025146484375,-0.05106567218899727,0.9926552592037005
486,0.8896572589874268,0.47389352321624756,-0.019868601113557816,1.0080005505034852
487,0.8478615283966064,0.4442276358604431,0.052956897765398026,0.9571872146018185
488,0.8307873606681824,0.513264536857605,0.31781768798828125,0.9765490891100438
489,0.7881495952606201,0.41509532928466797,0.03927607089281082,0.8907771421087467
490,0.8111265897750854,0.42484164237976074,-0.06978228688240051,0.9156510065194556
491,0.863353967666626,0.4275730550289154,-0.044217005372047424,0.9634307400495716
492,0.8581356406211853,0.38783392310142517,0.0970718115568161,0.9417069234175642
493,0.8428107500076294,0.3814062476158142,0.3286449611186981,0.9250949605574547
494,0.8938069939613342,0.4575447738170624,0.038271673023700714,1.0041106326005633
495,0.89159095287323,0.48917749524116516,-0.020187795162200928,1.0169705251853736
496,0.8607750535011292,0.47215279936790466,-0.07516106963157654,0.9817647165593295
497,0.8866459727287292,0.4584157168865204,-0.15109816193580627,0.9981412978354602
498,0.9205456376075745,0.43037188053131104,-0.22725342214107513,1.0161811976563988
499,0.8673431873321533,0.4132748246192932,-0.11621063947677612,0.9607706725726001
500,0.8919726014137268,0.4679268002510071,-0.03879401460289955,1.0072589597843828
501,0.8473452925682068,0.4580245018005371,0.011755282990634441,0.9632136258832358
502,0.8129331469535828,0.5215648412704468,0.2631661891937256,0.965862404830689
503,0.8013091683387756,0.4397302567958832,0.13708820939064026,0.9140345081043459
504,0.8204737305641174,0.3945713937282562,-0.03681502491235733,0.9104195336736018
505,0.8587987422943115,0.39307698607444763,-0.0926099419593811,0.9444812315486544
506,0.8914504051208496,0.3655463457107544,0.0005016697105020285,0.9634873925758517
507,0.8629391193389893,0.32895609736442566,0.27192261815071106,0.923512878999954
508,0.9051008820533752,0.4388398230075836,0.037826549261808395,1.0058767304949077
509,0.9203794002532959,0.5013187527656555,-0.04330401122570038,1.0480547372561841
510,0.8817554116249084,0.508927047252655,-0.09841405600309372,1.0180861188303856
511,0.8981508612632751,0.4828242063522339,-0.14421723783016205,1.0197029880448656
512,0.9371820688247681,0.44559675455093384,-0.21574781835079193,1.0377218788254383
513,0.9023133516311646,0.4146527647972107,-0.11389189958572388,0.9930288514871239
514,0.9086964130401611,0.47005584836006165,-0.019394025206565857,1.0230746168533127
515,0.847777783870697,0.48127481341362,0.03502367436885834,0.9748603063265141
516,0.8354776501655579,0.5368738174438477,0.2393704205751419,0.9931044254170315
517,0.8233010172843933,0.48178747296333313,0.158218115568161,0.953909709650715
518,0.8155884146690369,0.41096824407577515,-0.04451736807823181,0.9132794532787205
519,0.8530359864234924,0.40474170446395874,-0.09642443805932999,0.9441854910269969
520,0.8924668431282043,0.3786472678184509,-0.010461019352078438,0.9694693494430862
521,0.8582615852355957,0.3355426788330078,0.26518315076828003,0.9215214799501684
522,0.8916026949882507,0.43937286734580994,0.06733192503452301,0.9939838440689015
523,0.9143784642219543,0.5106438398361206,-0.016532763838768005,1.0473037319686573
524,0.8797597885131836,0.5197342038154602,-0.08424608409404755,1.0218125699463927
525,0.8904293179512024,0.4968564808368683,-0.13058112561702728,1.0196718750738596
526,0.9275245666503906,0.4514937102794647,-0.20562054216861725,1.0315756841656905
527,0.8973902463912964,0.42384785413742065,-0.12926733493804932,0.9924496248047695
528,0.9098746180534363,0.4726389944553375,-0.0254033375531435,1.02530943605218
529,0.8485521674156189,0.4896842837333679,0.03056969866156578,0.9797098951022216
530,0.838302493095398,0.5487683415412903,0.21190273761749268,1.0019469859268693
531,0.8300394415855408,0.5033654570579529,0.2246970683336258,0.9707431472571919
532,0.8289932608604431,0.4115212559700012,-0.045080386102199554,0.9255158403113142
533,0.8481881618499756,0.410847008228302,-0.10209181159734726,0.942453405783324
534,0.8953474164009094,0.3990323543548584,-0.017920352518558502,0.9802417129860189
535,0.846207320690155,0.32198643684387207,0.24856208264827728,0.905396098456926
536,0.8966032862663269,0.4283718764781952,0.07620351761579514,0.9936799874713322
537,0.9218394756317139,0.5169546604156494,-0.04084473103284836,1.0568964659598463
538,0.8898376822471619,0.5410186052322388,-0.10224209725856781,1.041399170325403
539,0.8911557197570801,0.4995315670967102,-0.14555349946022034,1.0216116206180579
540,0.9278086423873901,0.4543619751930237,-0.21446874737739563,1.0330893869312752
541,0.8994555473327637,0.4185580015182495,-0.1262672245502472,0.9920741314350618
542,0.9157292246818542,0.47608107328414917,-0.01714225858449936,1.0320916632139887
543,0.8516600131988525,0.4912216067314148,0.03715364634990692,0.9831700997292698
544,0.8638502955436707,0.5558977723121643,0.17975826561450958,1.0272583250441507
545,0.8434505462646484,0.5303793549537659,0.25287795066833496,0.9963488767270763
546,0.8288556933403015,0.42140498757362366,-0.04106781631708145,0.9298300511031884
547,0.8472216129302979,0.42370912432670593,-0.1010296642780304,0.9472665324257579
548,0.8965722322463989,0.41505569219589233,-0.024322861805558205,0.9879843092172578
549,0.8416723012924194,0.3318643569946289,0.23303048312664032,0.9047354387921012
550,0.8900039196014404,0.42429623007774353,0.10328827798366547,0.9859686951237918
551,0.9317102432250977,0.5272029638290405,-0.03677552565932274,1.0705264790749902
552,0.9024492502212524,0.5569355487823486,-0.1091514378786087,1.0604677527970365
553,0.889771044254303,0.5099306106567383,-0.15313690900802612,1.0255348550284125
554,0.9194309115409851,0.460606187582016,-0.22227928042411804,1.0283536653972338
555,0.8935059905052185,0.4291783273220062,-0.15280640125274658,0.9912350839793892
556,0.911864161491394,0.47296950221061707,-0.023348374292254448,1.0272275303133975
557,0.8517425656318665,0.49577057361602783,0.02668306604027748,0.985522125460773
558,0.8366625308990479,0.5536311864852905,0.21692301332950592,1.0032505575675055
559,0.8251297473907471,0.5159068703651428,0.25539082288742065,0.97313873569963
560,0.8284357190132141,0.42375844717025757,-0.031245794147253036,0.9305251001907949
561,0.8418151140213013,0.42809954285621643,-0.09652169793844223,0.9444161713928865
562,0.8906505107879639,0.4201120138168335,-0.023868463933467865,0.9847600908445144
563,0.8315854668617249,0.33370280265808105,0.22853513062000275,0.8960423813623388
564,0.8869086503982544,0.42200279235839844,0.10609032213687897,0.9821880221778
565,0.9231870770454407,0.530478835105896,-0.040083326399326324,1.0647451214816683
566,0.8976134657859802,0.5603288412094116,-0.1072085052728653,1.0581485454563557
567,0.8852915167808533,0.5129337906837463,-0.15339019894599915,1.0231530400235056
568,0.9186421632766724,0.4681544899940491,-0.22263185679912567,1.0310538543893972
569,0.8952654600143433,0.435435950756073,-0.14999422430992126,0.9955424205454727
570,0.9130644202232361,0.47666317224502563,-0.0260478463023901,1.0299972889538522
571,0.8522941470146179,0.4978378713130951,0.023997370153665543,0.9870399481018632
572,0.8622633218765259,0.5617159605026245,0.18159501254558563,1.0290883618703144
573,0.8320749998092651,0.5400571227073669,0.2924744784832001,0.9919730344593791
574,0.8203086256980896,0.4324587881565094,-0.024071399122476578,0.9273224060964369
575,0.8368011713027954,0.4416731297969818,-0.09347398579120636,0.9462089377502159
576,0.8862553238868713,0.4362577497959137,-0.028429150581359863,0.987810368124782
577,0.8241167068481445,0.34833526611328125,0.21276719868183136,0.8947098994224
578,0.8747580647468567,0.4169851541519165,0.13984905183315277,0.9690605195872771
579,0.9189624190330505,0.5323559641838074,-0.014798248186707497,1.0620239169609822
580,0.9093689322471619,0.5693375468254089,-0.10213816910982132,1.0728919317254269
581,0.8814956545829773,0.527423620223999,-0.1538073569536209,1.0272342791295765
582,0.9081556797027588,0.47959789633750916,-0.2283165007829666,1.0270155211815175
583,0.8928186297416687,0.44600576162338257,-0.18082302808761597,0.9980211646127773
584,0.9047408103942871,0.46951761841773987,-0.03936786204576492,1.0193148326192343
585,0.8539869785308838,0.5037714242935181,-0.008470295928418636,0.9915036093908222
586,0.8600155115127563,0.5502306818962097,0.16194990277290344,1.0209703635965717
587,0.8165923953056335,0.5435358881950378,0.3221074044704437,0.9809456671125882
588,0.7996947765350342,0.42998620867729187,-0.0049257464706897736,0.9079646883387535
589,0.8264904022216797,0.4508245885372162,-0.08332137018442154,0.9414505800063561
590,0.8737509846687317,0.44884487986564636,-0.03219621628522873,0.9822945125527195
591,0.8387657999992371,0.3833128809928894,0.1710282862186432,0.9222021643779791
592,0.8621810674667358,0.41146552562713623,0.2082054316997528,0.9553324405031453
593,0.9207649230957031,0.510284960269928,0.011479474604129791,1.0527102090704346
594,0.9273164868354797,0.5550875067710876,-0.08479498326778412,1.0807580704904491
595,0.8784268498420715,0.5287505984306335,-0.13722050189971924,1.025285777656268
596,0.8928042054176331,0.4938023090362549,-0.21888329088687897,1.0202647056626766
597,0.906246542930603,0.4808846414089203,-0.24976104497909546,1.0259302290685537
598,0.8792644739151001,0.44299954175949097,-0.05038714036345482,0.9845580780676764
599,0.8787371516227722,0.5151949524879456,-0.024718130007386208,1.0186288925370022
600,0.8369879722595215,0.48206478357315063,0.05269276350736618,0.9658857703002639
601,0.8097646236419678,0.5466910004615784,0.31669607758522034,0.9770311129578726
602,0.7756943702697754,0.44459354877471924,0.03889118507504463,0.8940722452242448
603,0.8000588417053223,0.4582151770591736,-0.06929512321949005,0.921984435160503
604,0.8491931557655334,0.46261146664619446,-0.04810412600636482,0.967025534756745
605,0.8491904735565186,0.42041024565696716,0.08899863064289093,0.9475596208326396
606,0.8335381150245667,0.411976158618927,0.32753410935401917,0.9297903766275036
607,0.8847525715827942,0.4910845160484314,0.03929556906223297,1.0119046965129124
608,0.882991373538971,0.5216313600540161,-0.02045520208775997,1.0255598673583328
609,0.8508020639419556,0.5030574798583984,-0.07646410167217255,0.9883981890156287
610,0.8755360841751099,0.49523451924324036,-0.14796586334705353,1.0058929683334945
611,0.9125990867614746,0.46197065711021423,-0.2239847481250763,1.0228655733715553
612,0.8671839833259583,0.4386223554611206,-0.11637908220291138,0.9718012305236794
613,0.8809494972229004,0.5071821212768555,-0.042796045541763306,1.0165164636149147
614,0.8344553112983704,0.4969041645526886,0.00932036992162466,0.9711999872857627
615,0.7940147519111633,0.55484539270401,0.26242387294769287,0.9686654923436745
616,0.7834637761116028,0.47281551361083984,0.1268138736486435,0.9150792306626426
617,0.8027158975601196,0.4307822585105896,-0.03551016375422478,0.9110028355846281
618,0.8469407558441162,0.43038854002952576,-0.08708629757165909,0.9500225993620097
619,0.8805526494979858,0.40105053782463074,0.006630858406424522,0.9675817807438027
620,0.8544408679008484,0.3667803108692169,0.27907395362854004,0.9298370788371877
621,0.8916086554527283,0.4746091961860657,0.037626154720783234,1.0100593465646488
622,0.9021683931350708,0.531712532043457,-0.04081366956233978,1.0471991340256064
623,0.8632692694664001,0.5336815118789673,-0.09422729164361954,1.0149136848651084
624,0.8831179141998291,0.5138115286827087,-0.13790945708751678,1.0217140193752452
625,0.9257606267929077,0.4777196943759918,-0.21103988587856293,1.0417527751413425
626,0.8895576596260071,0.45824167132377625,-0.13737916946411133,1.000648919020506
627,0.8903549909591675,0.4917737543582916,-0.030769139528274536,1.0171398308008337
628,0.8348597288131714,0.5116819143295288,0.020456038415431976,0.9791880045455691
629,0.8068786263465881,0.561436116695404,0.25867265462875366,0.9829870959402124
630,0.7898789048194885,0.49396440386772156,0.12586528062820435,0.9316166145830742
631,0.7876052856445312,0.44554534554481506,-0.04802282527089119,0.9048937732749919
632,0.8358404040336609,0.4447775185108185,-0.08715373277664185,0.9468137208489297
633,0.8733183145523071,0.40989795327186584,0.010921844281256199,0.9647285683698535
634,0.8492106795310974,0.38222792744636536,0.2905759811401367,0.9312663242862442
635,0.8772609233856201,0.4809391498565674,0.07386881113052368,1.0004444979928415
636,0.8992896676063538,0.5410394072532654,-0.011626560240983963,1.049497759151734
637,0.8613574504852295,0.538569986820221,-0.07827620208263397,1.0158711966632126
638,0.8765599727630615,0.5257879495620728,-0.1252668797969818,1.0221596517937244
639,0.916263222694397,0.4819038212299347,-0.2018977552652359,1.0352630516821968
640,0.8869948387145996,0.4596925973892212,-0.13761308789253235,0.9990381013759121
641,0.8927719593048096,0.5074669718742371,-0.03609292581677437,1.0269199086901355
642,0.8358892798423767,0.525030255317688,0.022268731147050858,0.987100631726251
643,0.8043188452720642,0.5778195858001709,0.2390483319759369,0.9903556323836745
644,0.7960842847824097,0.5162267684936523,0.18724869191646576,0.9488099203670457
645,0.8028029203414917,0.4417167603969574,-0.03172539174556732,0.9163002921119312
646,0.8365446329116821,0.43774494528770447,-0.09185948222875595,0.9441544153253092
647,0.8810968995094299,0.4190922677516937,-0.01438964158296585,0.9756895383339865
648,0.8417328000068665,0.3550795912742615,0.24803444743156433,0.9135620519411345
649,0.8788744807243347,0.46479207277297974,0.07341141998767853,0.9942092454715314
650,0.9040960669517517,0.5463041663169861,-0.033869653940200806,1.0563323058644583
651,0.8756676316261292,0.5670934319496155,-0.10035669803619385,1.0432587222918903
652,0.87641441822052,0.5300160646438599,-0.14142157137393951,1.0242164132864582
653,0.9164949059486389,0.488997220993042,-0.21517860889434814,1.0387883301080747
654,0.8917255997657776,0.4632551670074463,-0.15289469063282013,1.0048780498332783
655,0.9010977745056152,0.49393731355667114,-0.02812403067946434,1.0275948953466798
656,0.8396934270858765,0.5235653519630432,0.03247793763875961,0.9895482450428628
657,0.8486447930335999,0.589400053024292,0.18253307044506073,1.0332426661961263
658,0.8231463432312012,0.5609049797058105,0.2567155957221985,0.9960844836828221
659,0.814152181148529,0.45244893431663513,-0.03638085350394249,0.9314256879822277
660,0.8347836136817932,0.45724576711654663,-0.09849219024181366,0.9518074244392258
661,0.8841860294342041,0.44954806566238403,-0.024739591404795647,0.9919064461870456
662,0.8329945206642151,0.36304402351379395,0.23091919720172882,0.9086698159759076
663,0.8754433989524841,0.4517940580844879,0.11616478860378265,0.9851492352379552
664,0.9138826727867126,0.554160475730896,-0.028303349390625954,1.0687728348353913
665,0.8892737030982971,0.5850459337234497,-0.10609148442745209,1.0644653416567875
666,0.8748043775558472,0.5406653881072998,-0.15014152228832245,1.0283976667068486
667,0.9078581929206848,0.4942619502544403,-0.22139424085617065,1.033683401202967
668,0.8908149003982544,0.45323270559310913,-0.1536969095468521,0.9994854036907201
669,0.9060938954353333,0.5063589215278625,-0.032941922545433044,1.037981456845948
670,0.8411077260971069,0.5301639437675476,0.0198746956884861,0.9942514843697269
671,0.8470102548599243,0.590888500213623,0.17947521805763245,1.0327514664828992
672,0.8151237368583679,0.5666561126708984,0.2934647500514984,0.9927365493509563
673,0.8092488050460815,0.46053215861320496,-0.01758108101785183,0.9311141163066152
674,0.8282701969146729,0.4714530408382416,-0.08951403945684433,0.953047474584921
675,0.8765894174575806,0.466671347618103,-0.031275276094675064,0.99307157520811
676,0.8279781937599182,0.3847227990627289,0.19087053835391998,0.9129948091093385
677,0.8673260807991028,0.4388260543346405,0.156005859375,0.9720199773653012
678,0.9151776432991028,0.5547897219657898,-0.009244963526725769,1.0702064073782114
679,0.9091200232505798,0.594933807849884,-0.10126282274723053,1.0864830658587816
680,0.8701069951057434,0.558602511882782,-0.1532544195652008,1.0339840178715045
681,0.8919776678085327,0.5175223350524902,-0.2304481863975525,1.0312388312836804
682,0.8889195322990417,0.4918310344219208,-0.21466809511184692,1.0159112664614385
683,0.8875864744186401,0.48440641164779663,-0.04762005805969238,1.011167306243831
684,0.8501020669937134,0.5381062030792236,-0.021726354956626892,1.0060973164159233
685,0.846656322479248,0.5646358728408813,0.14321614801883698,1.0176642851613042
686,0.8002591133117676,0.5738722085952759,0.32677730917930603,0.9847557871048823
687,0.7777791619300842,0.4595041871070862,0.010643087327480316,0.9033739661411592
688,0.8093246817588806,0.4840889871120453,-0.07192771881818771,0.9430528023113443
689,0.8574681878089905,0.48438575863838196,-0.03565683960914612,0.9848254953422535
690,0.8413947820663452,0.429782897233963,0.13554854691028595,0.9448060743048236
691,0.8455654978752136,0.43501704931259155,0.2789379060268402,0.9509052762444804
692,0.8928205370903015,0.5265718102455139,0.013194194994866848,1.036535760500067
693,0.8918225765228271,0.5596225261688232,-0.05808967351913452,1.0528650814759644
694,0.8563395142555237,0.5381598472595215,-0.10503043234348297,1.0114016931357084
695,0.882452666759491,0.5166468620300293,-0.18107107281684875,1.022568672078513
696,0.9203252792358398,0.5090383887290955,-0.25564736127853394,1.0517217791794748
697,0.8635696768760681,0.4531763195991516,-0.0693822130560875,0.9752545121481208
698,0.8765101432800293,0.5406677722930908,-0.0378158800303936,1.0298503149823042
699,0.8192808628082275,0.5008882880210876,0.008452542126178741,0.9602656972111884
700,0.7813276052474976,0.5686989426612854,0.29084351658821106,0.9663805224164306
701,0.7568187117576599,0.4666999876499176,0.05919584631919861,0.8891475923259069
702,0.7858105301856995,0.4682680368423462,-0.0700061023235321,0.91475305065297
703,0.833193302154541,0.47312095761299133,-0.06739281862974167,0.9581516160231752
704,0.8516845703125,0.4346674084663391,0.06315997242927551,0.956191593401255
705,0.8368956446647644,0.4200923442840576,0.3278265595436096,0.9364143835850274
706,0.883017897605896,0.511572003364563,0.040084823966026306,1.0205030730569944
707,0.8757059574127197,0.5420312881469727,-0.023218737915158272,1.0298829259573121
708,0.8406919240951538,0.5234582424163818,-0.0776333436369896,0.9903390544618845
709,0.869353175163269,0.5209445953369141,-0.13565503060817719,1.0134881422972835
710,0.9115762114524841,0.48443329334259033,-0.20945250988006592,1.0323017025002004
711,0.8687706589698792,0.4678654670715332,-0.1302449256181717,0.9867423945311269
712,0.873521089553833,0.5223386287689209,-0.04866421967744827,1.0177802989837799
713,0.8241020441055298,0.5231872797012329,-0.0019039956387132406,0.9761501466168454
714,0.7833561897277832,0.575577974319458,0.25979575514793396,0.9720786616866566
715,0.7624641060829163,0.49386677145957947,0.10829834640026093,0.908435964180596
716,0.7740262746810913,0.45549625158309937,-0.04420478641986847,0.8981055111193463
717,0.8281922340393066,0.4588627219200134,-0.08095422387123108,0.946814329259365
718,0.8632984161376953,0.42477208375930786,0.023346692323684692,0.962141090717509
719,0.8427816033363342,0.4032498896121979,0.2970048189163208,0.9342865215737686
720,0.8765443563461304,0.5072338581085205,0.04903518781065941,1.0127271080868265
721,0.8817160129547119,0.5533906817436218,-0.025503605604171753,1.0409920144465203
722,0.8434425592422485,0.5418776273727417,-0.0813089981675148,1.0025102063262128
723,0.8687942028045654,0.5339566469192505,-0.12878067791461945,1.0197612797199498
724,0.9147552847862244,0.4969383776187897,-0.2039022594690323,1.0410211247591095
725,0.8789758086204529,0.4797646999359131,-0.1399473249912262,1.0013853601109692
726,0.8810696005821228,0.5166054964065552,-0.03931040316820145,1.021354434066551
727,0.8268058896064758,0.5375137329101562,0.016844021156430244,0.9861688456623271
728,0.8031068444252014,0.5914618372917175,0.2320186048746109,0.9974004755037461
729,0.7894006371498108,0.5325014591217041,0.16738580167293549,0.9522138257236508
730,0.7897481322288513,0.460470974445343,-0.035048697143793106,0.9141857747009647
731,0.8290883898735046,0.45633935928344727,-0.09147728234529495,0.9463789775001702
732,0.8724296689033508,0.4354269802570343,-0.009962734766304493,0.9750539381585872
733,0.8380263447761536,0.3853376507759094,0.259665846824646,0.9223737093198057
734,0.8641611337661743,0.49219030141830444,0.07239475846290588,0.9944977415370441
735,0.8871768116950989,0.5642993450164795,-0.012648512609302998,1.0514354216952693
736,0.8613279461860657,0.5782560706138611,-0.08706074208021164,1.0374323660282094
737,0.8662803769111633,0.5535004138946533,-0.12658549845218658,1.0280099219379644
738,0.9070472121238708,0.5101396441459656,-0.20458410680294037,1.0406618574498918
739,0.8832898139953613,0.4865186810493469,-0.15630128979682922,1.0084152530173054
740,0.8873255848884583,0.5166511535644531,-0.03662607818841934,1.0267789967062653
741,0.8271471261978149,0.5494473576545715,0.024904947727918625,0.993007939147968
742,0.8090194463729858,0.6044955253601074,0.21338248252868652,1.0099145037031823
743,0.7964186668395996,0.5583071112632751,0.21465018391609192,0.9726199275039085
744,0.7991884350776672,0.46738868951797485,-0.03443131968379021,0.9258263022031836
745,0.8275609612464905,0.46794191002845764,-0.09309645742177963,0.9506980465638375
746,0.874939501285553,0.4554477632045746,-0.015687184408307076,0.986383189190622
747,0.8336049914360046,0.3765532076358795,0.24612319469451904,0.9147073848657237
748,0.8715775609016418,0.48348376154899597,0.0877637192606926,0.9966965397495978
749,0.9009727835655212,0.5723804831504822,-0.04037628322839737,1.0674134036151988
750,0.8657509684562683,0.5929052233695984,-0.10305149853229523,1.0493147017372433
751,0.8657549023628235,0.5514844655990601,-0.14090490341186523,1.0264826675411245
752,0.9057497978210449,0.511957049369812,-0.21224533021450043,1.0404242964542436
753,0.8854288458824158,0.48369091749191284,-0.1530182808637619,1.0089306937470162
754,0.8931645750999451,0.520839273929596,-0.0291873961687088,1.0339325449375187
755,0.8309375643730164,0.5512264966964722,0.03391116112470627,0.9971498816860114
756,0.8094184398651123,0.61222243309021,0.22158482670783997,1.0148766025347953
757,0.8012041449546814,0.5658089518547058,0.23883049190044403,0.9808505757206257
758,0.8139475584030151,0.4753212034702301,-0.032064516097307205,0.9425714160203552
759,0.8289350271224976,0.4772489368915558,-0.09579095989465714,0.9565039607626807
760,0.8766568303108215,0.46876201033592224,-0.022272951900959015,0.9941151947660752
761,0.828238308429718,0.3796513080596924,0.22873854637145996,0.9111058178180821
762,0.8702473044395447,0.47369739413261414,0.11348915100097656,0.9908176381616967
763,0.9029014110565186,0.5752881765365601,-0.031886372715234756,1.070601440383214
764,0.8788195252418518,0.6041958928108215,-0.10748010873794556,1.0664785205693454
765,0.8655153512954712,0.5602599382400513,-0.151628315448761,1.0310228036880993
766,0.9026507139205933,0.5184314846992493,-0.22372320294380188,1.0409368451874612
767,0.8905802965164185,0.47419044375419617,-0.15468230843544006,1.008954826288607
768,0.9014569520950317,0.5258423089981079,-0.035099729895591736,1.0436161988072654
769,0.8347745537757874,0.5514328479766846,0.020890973508358,1.0004632634231214
770,0.8338189125061035,0.6162492036819458,0.18581590056419373,1.036830294643966
771,0.8070843815803528,0.5868264436721802,0.29275253415107727,0.9978729748739962
772,0.7999617457389832,0.49451181292533875,-0.013912181369960308,0.9404683555380621
773,0.8187202215194702,0.5022169947624207,-0.08729201555252075,0.9604814995371268
774,0.8683115243911743,0.4964156746864319,-0.03185685724020004,1.0001966933883106
775,0.8211553692817688,0.41148972511291504,0.18009689450263977,0.9184878520556385
776,0.8593618869781494,0.4590025246143341,0.18611817061901093,0.9742618592519047
777,0.9031487107276917,0.5678141713142395,0.009856523014605045,1.066813257714005
778,0.9026520252227783,0.6117483377456665,-0.08773525059223175,1.090420426887432
779,0.8578629493713379,0.5820457935333252,-0.1427696794271469,1.036680348841401
780,0.879701554775238,0.5463912487030029,-0.22317534685134888,1.0355762753815858
781,0.8972098231315613,0.5351080298423767,-0.2502966821193695,1.04466553036154
782,0.8729047775268555,0.49009791016578674,-0.0487249456346035,1.0010787742121399
783,0.8540443778038025,0.5677293539047241,-0.026921987533569336,1.0255283606723704
784,0.8284322619438171,0.5615131258964539,0.10163398087024689,1.0007981830435926
785,0.7879421710968018,0.5930343866348267,0.3250507116317749,0.9861757696902144
786,0.7657727599143982,0.48095667362213135,0.02292836830019951,0.9042827222326986
787,0.7926154732704163,0.5048896074295044,-0.06906551867723465,0.9397620997667469
788,0.8394467234611511,0.5089114308357239,-0.04088809713721275,0.9816626945977555
789,0.8417860269546509,0.46430256962776184,0.10714549571275711,0.9613431184228859
790,0.8328656554222107,0.4515571892261505,0.32148993015289307,0.9474012323845109
791,0.8796080946922302,0.542384147644043,0.019642312079668045,1.0333880993429576
792,0.8673148155212402,0.5650272369384766,-0.036875270307064056,1.035128382233321
793,0.8362696170806885,0.5444270968437195,-0.08581145852804184,0.9978716030782527
794,0.8665163516998291,0.5365732908248901,-0.15400734543800354,1.019196489490537
795,0.9083124995231628,0.5118913054466248,-0.2280709594488144,1.0426237602231523
796,0.8571489453315735,0.48506709933280945,-0.1194329559803009,0.9848829399163
797,0.861943781375885,0.5449728965759277,-0.05809415131807327,1.019775730371593
798,0.8136799335479736,0.5296532511711121,-0.00037655787309631705,0.9708798075636159
799,0.7727624177932739,0.5871199369430542,0.2878047525882721,0.970500682488025
800,0.7415943741798401,0.48212572932243347,0.06033548712730408,0.8845379780935791
801,0.767265796661377,0.48299992084503174,-0.0608772337436676,0.9066342847381872
802,0.817523717880249,0.4915747344493866,-0.06142473965883255,0.9539343524822502
803,0.8293629884719849,0.448713481426239,0.0698869451880455,0.942966995743137
804,0.8150790333747864,0.4453033208847046,0.3111594617366791,0.9287889309407829
805,0.861924409866333,0.5359331965446472,0.036814168095588684,1.0149571811076514
806,0.8642135858535767,0.5694110989570618,-0.02001662366092205,1.0349367717833713
807,0.8340994715690613,0.5487874150276184,-0.07774148881435394,0.9984435664395273
808,0.858747124671936,0.5467865467071533,-0.14051830768585205,1.0180482070080237
809,0.9035564064979553,0.5097848176956177,-0.21724654734134674,1.0374462588859494
810,0.8634548783302307,0.48589056730270386,-0.13540638983249664,0.9907794761227228
811,0.865206241607666,0.5422871708869934,-0.05251239240169525,1.021105879047556
812,0.8140584230422974,0.5471698641777039,0.0059977625496685505,0.9808598148514185
813,0.7642487287521362,0.6024245619773865,0.26679855585098267,0.9731348684909519
814,0.7576574087142944,0.5132878422737122,0.12466304004192352,0.9151552644254758
815,0.7823535799980164,0.4740999937057495,-0.03635013848543167,0.9147939266127122
816,0.8257905840873718,0.47400251030921936,-0.08572721481323242,0.95215989652306
817,0.8608318567276001,0.44320592284202576,0.009511951357126236,0.9682267170447938
818,0.8356126546859741,0.41442450881004333,0.2755470871925354,0.9327358587369667
819,0.8617784976959229,0.5176305770874023,0.056950874626636505,1.0052878162132868
820,0.8782317042350769,0.5769314765930176,-0.028671380132436752,1.0507810690183979
821,0.8445495367050171,0.5739868879318237,-0.08985189348459244,1.0211390049676483
822,0.8615304827690125,0.5604879856109619,-0.13379725813865662,1.0278042395098599
823,0.9085028767585754,0.5235615968704224,-0.20986314117908478,1.0485677006260081
824,0.884014904499054,0.4928901195526123,-0.13842682540416718,1.0121378469996367
825,0.8819506168365479,0.541621208190918,-0.03691578656435013,1.0349832963389105
826,0.8176221251487732,0.563934326171875,0.03147868439555168,0.993241090454741
827,0.8049232959747314,0.6236144304275513,0.21412250399589539,1.018232031631447
828,0.7975913286209106,0.5760951638221741,0.20828227698802948,0.983889000482558
829,0.8058685064315796,0.4907030761241913,-0.04051954671740532,0.943511292235556
830,0.8266578316688538,0.48961517214775085,-0.0972178503870964,0.9607737441545343
831,0.8716275095939636,0.4777563512325287,-0.017060820013284683,0.9939746710173225
832,0.828946053981781,0.4011518359184265,0.247458353638649,0.9209095264317174
833,0.8579875230789185,0.5018835067749023,0.0900496318936348,0.993996802878043
834,0.8797221779823303,0.5831714868545532,-0.01742834597826004,1.0554620284567917
835,0.8592477440834045,0.6040561199188232,-0.09480468183755875,1.0503287493560307
836,0.85929274559021,0.5725058317184448,-0.13566210865974426,1.0325439215721477
837,0.900568962097168,0.52778559923172,-0.2100534737110138,1.043830491147464
838,0.8819743990898132,0.49372628331184387,-0.15320877730846405,1.0107643065931662
839,0.8879271149635315,0.5398646593093872,-0.03424222767353058,1.0391671722387603
840,0.8230416774749756,0.567749559879303,0.026247942820191383,0.999868574165607
841,0.8235563635826111,0.6310708522796631,0.17849257588386536,1.0375430133707202
842,0.7992914319038391,0.5991327166557312,0.2685951590538025,0.9989128116518309
843,0.8013415932655334,0.4960785508155823,-0.027395013719797134,0.9424660618168867
844,0.8202616572380066,0.504169762134552,-0.09428352862596512,0.962816875312046
845,0.8674414753913879,0.4988845884799957,-0.028474941849708557,1.0006700484435629
846,0.8152862191200256,0.40459442138671875,0.21308165788650513,0.9101583735286295
847,0.8605623841285706,0.4859527349472046,0.1291491985321045,0.9882902800188401
848,0.8980380296707153,0.5988707542419434,-0.032611556351184845,1.0794065420503873
849,0.8757262229919434,0.6296118497848511,-0.10925938934087753,1.0785673363426305
850,0.8552583456039429,0.5854830145835876,-0.15277835726737976,1.0364637948771191
851,0.8872851133346558,0.5445599555969238,-0.22440248727798462,1.0410669611437184
852,0.8786963820457458,0.5089835524559021,-0.1829013228416443,1.0154661926873358
853,0.8866360187530518,0.5346075296401978,-0.04398681968450546,1.0353398671442422
854,0.8263402581214905,0.5742182731628418,0.005332532338798046,1.0062628123042248
855,0.8253296613693237,0.6307346224784851,0.1760505586862564,1.0387469441250259
856,0.7861639261245728,0.6050266623497009,0.3063961863517761,0.9920236796032752
857,0.7865583300590515,0.49743810296058655,-0.004711596295237541,0.9306549698262567
858,0.8106679916381836,0.5150728821754456,-0.08228543400764465,0.9604596121749246
859,0.8574692010879517,0.5130161046981812,-0.033882033079862595,0.9992191724011831
860,0.8298251628875732,0.43976089358329773,0.16211305558681488,0.9391482547961041
861,0.8541132807731628,0.47344082593917847,0.21022802591323853,0.9765529745277862
862,0.8934769630432129,0.5728062391281128,0.002623341977596283,1.061323735282037
863,0.8926500082015991,0.612208902835846,-0.08514624834060669,1.082415713972125
864,0.8511525988578796,0.5867224931716919,-0.13463231921195984,1.0337814229981734
865,0.8764815330505371,0.5593042969703674,-0.21399235725402832,1.0397312991288359
866,0.9138428568840027,0.5821683406829834,-0.2886931896209717,1.0835260698162708
867,0.8556743860244751,0.4814126491546631,-0.04459229111671448,0.9818028283033581
868,0.86154705286026,0.5833755135536194,-0.028527047485113144,1.0404760036186076
869,0.817043125629425,0.5552664995193481,0.06150427460670471,0.9878665672178458
870,0.7772371768951416,0.6058571338653564,0.31804537773132324,0.9854747565531418
871,0.7610386610031128,0.49594539403915405,0.03646484389901161,0.9083730937285971
872,0.7853190302848816,0.5174335837364197,-0.07561763375997543,0.9404591925787643
873,0.8264869451522827,0.5257177352905273,-0.054118696600198746,0.9795201925974539
874,0.8330783843994141,0.4806405007839203,0.08399076014757156,0.9617873390450488
875,0.8194398283958435,0.46414679288864136,0.33123672008514404,0.9417610512811734
876,0.8565177917480469,0.549253523349762,0.046897828578948975,1.0174979904123045
877,0.8560935854911804,0.5753735899925232,-0.019423888996243477,1.0314800023170732
878,0.8263013362884521,0.558400571346283,-0.07736777514219284,0.9972888731114656
879,0.8566380739212036,0.5572381019592285,-0.14457066357135773,1.0219310602807574
880,0.9017214775085449,0.5235128998756409,-0.21903462707996368,1.0426731891328156
881,0.8552557229995728,0.5060511231422424,-0.14053210616111755,0.9937555488937141
882,0.8578777313232422,0.5564197301864624,-0.05613330379128456,1.022524874045169
883,0.8088876605033875,0.5583587288856506,0.0020022187381982803,0.9828854040209586
884,0.7574675679206848,0.6083568930625916,0.2647779881954193,0.9715221180129904
885,0.7489617466926575,0.5227206349372864,0.1146557480096817,0.9133348565548981
886,0.770518958568573,0.4868185818195343,-0.038507793098688126,0.9114229518277346
887,0.8189735412597656,0.4907405376434326,-0.08230667561292648,0.9547481011084161
888,0.8557616472244263,0.4582339823246002,0.01858767867088318,0.9707246671519816
889,0.8340308666229248,0.4296554923057556,0.28946322202682495,0.9381957836977782
890,0.8590722680091858,0.5345138311386108,0.05632239580154419,1.0117856479219902
891,0.8708744049072266,0.5861198902130127,-0.030113650485873222,1.0497422325627517
892,0.8344444036483765,0.5792316198348999,-0.08779873698949814,1.0157788795779605
893,0.856839656829834,0.5695940852165222,-0.13187573850154877,1.028888535960001
894,0.9064725637435913,0.5351929664611816,-0.20775175094604492,1.0526746981709965
895,0.8792529702186584,0.509553849697113,-0.14097478985786438,1.016233689354708
896,0.8730049729347229,0.5522549748420715,-0.041373997926712036,1.0330165729583303
897,0.8107263445854187,0.5752609372138977,0.023803235962986946,0.9940836743901627
898,0.7787066102027893,0.6283949613571167,0.239085853099823,1.0006319064633762
899,0.7720970511436462,0.5664324760437012,0.16247937083244324,0.9575905212050255
900,0.7785050272941589,0.49817216396331787,-0.034303560853004456,0.9242540681382874
901,0.817598819732666,0.49376824498176575,-0.09075315296649933,0.9551308338550387
902,0.8616097569465637,0.4720786213874817,-0.008702516555786133,0.9824609905928183
903,0.8298150897026062,0.41804325580596924,0.2615308165550232,0.9291680401429009
904,0.850106954574585,0.5238072872161865,0.07892651855945587,0.9985268691211349
905,0.8706731200218201,0.5936901569366455,-0.011016691103577614,1.0538214670293966
906,0.8448638319969177,0.6072170734405518,-0.08614159375429153,1.0404361916495526
907,0.8502222895622253,0.5841308236122131,-0.12376286834478378,1.0315458112766078
908,0.8950716257095337,0.5437377095222473,-0.2024337202310562,1.047284064572171
909,0.8781387209892273,0.5157043933868408,-0.15641257166862488,1.0183705782567982
910,0.877798855304718,0.5518372654914856,-0.04074006527662277,1.0368486861444122
911,0.8131130933761597,0.5853596925735474,0.026286602020263672,1.0018976356442535
912,0.787270188331604,0.6418141722679138,0.21638789772987366,1.0157360784965879
913,0.7803407311439514,0.5912606120109558,0.21881508827209473,0.979040738681413
914,0.794140100479126,0.5013681054115295,-0.031675755977630615,0.939163711135041
915,0.8183363080024719,0.50307297706604,-0.0928463339805603,0.9606022763085693
916,0.865014910697937,0.49271905422210693,-0.017987515777349472,0.9955013119646239
917,0.823168933391571,0.40642204880714417,0.23648466169834137,0.918033754639563
918,0.8587175011634827,0.5096958875656128,0.09966713190078735,0.9985918308326749
919,0.88599693775177,0.6028463244438171,-0.038583412766456604,1.0716409214848666
920,0.8560959100723267,0.6250777840614319,-0.10595226287841797,1.0600105864422842
921,0.8516216278076172,0.5829386711120605,-0.14480483531951904,1.0320256252766162
922,0.8935263752937317,0.5447906851768494,-0.21613553166389465,1.0465114781984073
923,0.8820232152938843,0.5055162906646729,-0.1548270583152771,1.0166177612282463
924,0.887484610080719,0.5537040829658508,-0.03545325994491577,1.0460483471729114
925,0.8198992013931274,0.582861602306366,0.029385998845100403,1.0059633929165774
926,0.815684974193573,0.649005651473999,0.18735066056251526,1.0423772411034116
927,0.7944251894950867,0.6150378584861755,0.2713939845561981,1.0046805208998357
928,0.7911801934242249,0.5229921340942383,-0.019135061651468277,0.9484128166527694
929,0.8106222152709961,0.5271771550178528,-0.08842884749174118,0.966966456845104
930,0.8609909415245056,0.5209305286407471,-0.03085073083639145,1.0063170559307753
931,0.8190687894821167,0.4333527684211731,0.18539635837078094,0.9266435689098559
932,0.8566474914550781,0.4892592132091522,0.16655053198337555,0.9865188808767508
933,0.8884627223014832,0.6019437909126282,-0.003950325772166252,1.0731739543697603
934,0.8800287246704102,0.6412599682807922,-0.09595602750778198,1.088882410163977
935,0.8434761762619019,0.6083853840827942,-0.1465354561805725,1.03999270934318
936,0.8721922039985657,0.5744397640228271,-0.22404217720031738,1.0443659718731155
937,0.8813208937644958,0.5415307283401489,-0.21445678174495697,1.0343993655849089
938,0.8761496543884277,0.5352521538734436,-0.052531562745571136,1.0267098349149686
939,0.8304558396339417,0.596468985080719,-0.023352153599262238,1.0224637654926154
940,0.8187370300292969,0.6251624226570129,0.14679759740829468,1.0301254190842877
941,0.778780460357666,0.6180379986763,0.3119017481803894,0.9942182724345315
942,0.7578614950180054,0.5178314447402954,0.01752297393977642,0.9178798672989553
943,0.7887150645256042,0.5375250577926636,-0.06357154250144958,0.9544656310023082
944,0.8388054966926575,0.5379881858825684,-0.034692905843257904,0.9965068737500172
945,0.8304172158241272,0.47943317890167236,0.11897015571594238,0.9588789941222292
946,0.8305566906929016,0.4819846451282501,0.29374411702156067,0.9602778840492733
947,0.8723956942558289,0.5747153759002686,0.01682811975479126,1.0446875181853648
948,0.8678725957870483,0.6035694479942322,-0.04724714905023575,1.0571182152768968
949,0.8344494104385376,0.5807133913040161,-0.09504666179418564,1.0166286743059307
950,0.8616679906845093,0.5704140663146973,-0.1662123203277588,1.0333653435353576
951,0.9058526158332825,0.54661625623703,-0.24064359068870544,1.057997303018579
952,0.8531237840652466,0.5122278332710266,-0.12280850857496262,0.9950867018081069
953,0.8464769124984741,0.5680235028266907,-0.05679705739021301,1.019398775335959
954,0.8093971014022827,0.5688657164573669,0.03596124053001404,0.9893087845152142
955,0.7631202936172485,0.6133688688278198,0.3094019293785095,0.9790678994725518
956,0.7427167892456055,0.49828192591667175,0.0445169061422348,0.894378614862033
957,0.7691585421562195,0.5153957605361938,-0.06428808718919754,0.9258712939445539
958,0.8127771019935608,0.5260657668113708,-0.05500989779829979,0.968169307784484
959,0.8231227993965149,0.4830057919025421,0.07965990155935287,0.954371907538019
960,0.8085571527481079,0.4715435206890106,0.316177636384964,0.936011731317463
961,0.8490487337112427,0.5620447397232056,0.032615579664707184,1.0182229822917919
962,0.8488265872001648,0.588672399520874,-0.023927904665470123,1.0329771387090532
963,0.8210639357566833,0.5699177384376526,-0.08030478656291962,0.9994759702895031
964,0.8508985042572021,0.5701252222061157,-0.1450442373752594,1.0242416870752316
965,0.8992171287536621,0.5375702381134033,-0.2204560786485672,1.0476512805076321
966,0.854951024055481,0.5131486654281616,-0.13900230824947357,0.9971272769131426
967,0.854206383228302,0.5632877349853516,-0.05830874666571617,1.0232114236720113
968,0.8026657104492188,0.5686860680580139,0.0017331563867628574,0.9837052844903463
969,0.7487758994102478,0.6201522350311279,0.26354458928108215,0.9722418125917692
970,0.7424516677856445,0.5321272611618042,0.11392701417207718,0.9134516413413728
971,0.7676305174827576,0.4968569874763489,-0.04155272617936134,0.9143978769523248
972,0.8143560886383057,0.4997200071811676,-0.08360797166824341,0.9554558727013123
973,0.85150545835495,0.4686834514141083,0.019465653225779533,0.9719700217793316
974,0.8305261135101318,0.4407443404197693,0.2928810715675354,0.940228269535809
975,0.8535847663879395,0.545250654220581,0.05590439587831497,1.0128697988080821
976,0.8641249537467957,0.5952422618865967,-0.028111044317483902,1.0492975202599943
977,0.8276302218437195,0.5870639085769653,-0.08510841429233551,1.0146998654098403
978,0.8507350087165833,0.5800613164901733,-0.12730495631694794,1.0296704258860299
979,0.9013688564300537,0.5457656383514404,-0.20399421453475952,1.0537200516964542
980,0.8761364817619324,0.5198833346366882,-0.14127634465694427,1.018770737853782
981,0.8673749566078186,0.5636345744132996,-0.045489806681871414,1.034419280961292
982,0.8038964867591858,0.5865776538848877,0.01838795095682144,0.9951496899767697
983,0.7709718942642212,0.636309802532196,0.23441794514656067,0.9996438498504974
984,0.7588956356048584,0.5765786170959473,0.15269458293914795,0.9530820989990196
985,0.7614625692367554,0.5077290534973145,-0.03199213743209839,0.9152125633501319
986,0.8096008896827698,0.5038884282112122,-0.08639785647392273,0.9536021962329461
987,0.8551110029220581,0.480694055557251,-0.0031592377927154303,0.9809595314621524
988,0.8270057439804077,0.4316460192203522,0.26991599798202515,0.9328755471580141
989,0.8446612358093262,0.5389946699142456,0.07402967661619186,1.0019819646455244
990,0.859121561050415,0.6006692051887512,-0.012582824565470219,1.0482811410703659
991,0.8282855153083801,0.6049636006355286,-0.07949270308017731,1.0256889650198895
992,0.8424288034439087,0.589767336845398,-0.11753395199775696,1.0283539276346685
993,0.8921452164649963,0.5527233481407166,-0.1972927302122116,1.0494885358312682
994,0.8741887807846069,0.5279045701026917,-0.1544412076473236,1.021219496281277
995,0.8718310594558716,0.5594901442527771,-0.042579907923936844,1.035914387267568
996,0.8081851601600647,0.593629002571106,0.023920651525259018,1.0027754712778507
997,0.8091903924942017,0.6561172008514404,0.1712893545627594,1.0417671873110852
998,0.781478226184845,0.6217830777168274,0.23633459210395813,0.9986603094826698
999,0.7808681726455688,0.5113019347190857,-0.03217634931206703,0.9333727934208872
